id=12345,name=はるのたろう,gender=men,hobby=34,mobilephone=3,food=234
id=12345,name=はるのたろう,gender=men,hobby=34,mobilephone=3,food=234
id=12345,name=はるのたろう,gender=men,hobby=34,mobilephone=3,food=234
id=12345,name=はるのたろう,gender=men,hobby=34,mobilephone=3,food=234
id=12345,name=はるのたろう,gender=men,hobby=34,mobilephone=3,food=234
id=12345,name=はるのたろう,gender=men,hobby=34,mobilephone=3,food=234
id=12345,name=はるのたろう,gender=men,hobby=34,mobilephone=3,food=234
id=12345,name=はるのたろう,gender=men,hobby=34,mobilephone=3,food=234
id=12345,name=はるのたろう,gender=men,hobby=34,mobilephone=3,food=234
id=12345,name=はるのたろう,gender=men,hobby=34,mobilephone=3,food=234
id=12345,name=はるのたろう,gender=men,hobby=34,mobilephone=3,food=234
id=12345,name=はるのたろう,gender=men,hobby=34,mobilephone=3,food=234
id=12345,name=はるのたろう,gender=men,hobby=34,mobilephone=3,food=234
id=12345,name=はるのたろう,gender=men,hobby=34,mobilephone=3,food=234
id=12345,name=はるのたろう,gender=men,hobby=34,mobilephone=3,food=234
id=12345,name=はるのたろう,gender=men,hobby=34,mobilephone=3,food=234
id=12345,name=はるのたろう,gender=men,hobby=34,mobilephone=3,food=234
id=2345,name=はるのたろう,gender=men,hobby=34,mobilephone=3,food=234
id=1,name=はるの,gender=men,hobby=12345,mobilephone=3,food=234
id=1,name=はるの,gender=men,hobby=12345,mobilephone=3,food=234
id=12345,name=はるのたろう,gender=men,hobby=34,mobilephone=3,food=234
